,num,sub,num_item,young_old,session_info,age,memory,stimulus,transfer_type,relational_domain,staircase_learning,box,center_embedded,serial_crossed,tail_recursive,other,accuracy_type,accuracy,p_hierarchical,twoD_or_not,dimension,type_2D,type_1D,type,stack,queue,pair,associative,iterate_1_4,alternate_1_4,palindrome_1_4,iterate_2_4,alternate_2_4,palindrome_2_4,iterate_1_6,alternate_1_6,iterate_2_6,seriate_2_6,palindrome_2_6,max_one_dim,noise,sensitivity,p_dim1,p_dim2,p_dimsum,p_linear,stimulus_full_name,extrapolation_type,X46_mix,domain_mix,order_condition,order_identity,trials_one,trials_two,total_trials,avg_trials,strength,second_largest,second_behavior_type,max_behavior,iterate_4,alternate_4,palindrome_4,iterate_6,alternate_6,seriate_6,palindrome_6,iterate,alternate,palindrome,seriate,max_linear,complexity,max_behavior_type,stack_raw,queue_raw,pair_raw,associative_raw,iterate_raw,alternate_raw,seriate_raw,palindrome_raw,tree_stack,p_mechanism,nested_tree,Unique_ID,twoD,gender,trial_ratio,trial_delta,relative_trial_delta,is_stack,generalization_type,g4_names,g9_names,g10_names,g11_names,graph_1,graph_2,graph_3,graph_4,graph_5,graph_6,graph_7,graph_8,graph_9,graph_10,graph_11,graph_12,graph_13,graph_14,graph_15,graph_16,graph_17,graph_18,g12_names,graph_19,g19_names,graph_20,g20_names,graph_21,g21_names,graph_22,g22_names,g22_transfer,graph_23,g23_names,g23_transfer,g23_1_transfer,graph_24,graph_25,graph_26,g26_names,graph_21_new,g20_names_new,graph_20_new,graph_20_newer,graph_23_new
1,1,Beyonce,4,Monkey,exposure_1,NA,NA,bracket,near,same,yes,yes,0.01,0.12,0.06,0.81,NA,0.68,0.43,2D,2D,queue,alternate,queue,0.23,0.77,NA,0.19,0.56,0.16,0.28,0.23,0.66,0.11,NA,NA,NA,NA,NA,0.66,0.28,2,0.56,0.66,1.22,0.28,bracket,near,pure,pure,learn_gen,bracket_bracket,2504,2504,5008,2504,0.72,0.12,Serial-crossed,0.12,0.56,0.66,0.28,NA,NA,NA,NA,0.56,0.66,0.28,NA,0.66,0.58,Serial-crossed,0.188,0.622,NA,0.19,0.23,0.66,0,0.11,0.19,0.43,0,NA,2D,F,1,0,0,no,near,Near Generalization (Less Training),Near,discard,discard,Beyonce,discard,discard,Monkey,discard,discard,Non-Human,discard,discard,discard,Non-Human,discard,discard,discard,discard,discard,discard,discard,discard,discard,discard,discard,discard,discard,discard,discard,discard,discard,discard,discard,discard,discard,discard,discard,discard,discard,discard,discard,discard,discard,discard
2,2,Coltrane,4,Monkey,exposure_1,NA,NA,bracket,near,same,yes,yes,0.34,0.33,0.2,0.13,NA,0.68,0.02,not 2D,1D,stack,iterate,iterate,0.51,0.49,NA,0.21,0.81,0.16,0.03,0.17,0.48,0.36,NA,NA,NA,NA,NA,0.81,0.89,1,0.81,0.48,1.29,0.81,bracket,near,pure,pure,learn_gen,bracket_bracket,800,800,1600,800,0.11,0.33,Serial-crossed,0.34,0.81,0.48,0.36,NA,NA,NA,NA,0.81,0.48,0.36,NA,0.81,0.06,Center-embedded,0.404,0.386,NA,0.21,0.81,0.16,0,0.03,0.02,0.81,0,NA,iterate,M,1,0,0,no,near,Near Generalization (Less Training),Near,discard,discard,Coltrane,discard,discard,Monkey,discard,discard,Non-Human,discard,discard,discard,Non-Human,discard,discard,discard,discard,discard,discard,discard,discard,discard,discard,discard,discard,discard,discard,discard,discard,discard,discard,discard,discard,discard,discard,discard,discard,discard,discard,discard,discard,discard,discard
3,3,Horatio,4,Monkey,exposure_1,NA,NA,bracket,near,same,yes,yes,0.35,0.35,0.1,0.2,NA,0.68,0,not 2D,1D,queue,iterate,iterate,0.5,0.5,NA,0.03,0.93,0.03,0.04,0.12,0.53,0.35,NA,NA,NA,NA,NA,0.93,0.24,1,0.93,0.53,1.46,0.93,bracket,near,pure,pure,learn_gen,bracket_bracket,800,800,1600,800,0.76,0.35,Serial-crossed,0.35,0.93,0.53,0.35,NA,NA,NA,NA,0.93,0.53,0.35,NA,0.93,0.38,Center-embedded,0.484,0.485,NA,0.03,0.93,0.03,0,0.04,0,0.93,0,NA,iterate,M,1,0,0,no,near,Near Generalization (Less Training),Near,discard,discard,Horatio,discard,discard,Monkey,discard,discard,Non-Human,discard,discard,discard,Non-Human,discard,discard,discard,discard,discard,discard,discard,discard,discard,discard,discard,discard,discard,discard,discard,discard,discard,discard,discard,discard,discard,discard,discard,discard,discard,discard,discard,discard,discard,discard
4,4,Beyonce,4,Monkey,exposure_2,NA,NA,bracket,near,same,yes,yes,0.22,0.07,0.06,0.65,NA,0.68,0.83,2D,2D,stack,iterate,stack,0.94,0.06,NA,0.05,0.87,0.08,0.05,0.13,0.04,0.84,NA,NA,NA,NA,NA,0.87,0.08,1,0.87,0.84,1.71,0.08,bracket,near,pure,pure,learn_gen,bracket_bracket,2504,2504,5008,2504,0.92,0.07,Serial-crossed,0.22,0.87,0.08,0.84,NA,NA,NA,NA,0.87,0.08,0.84,NA,0.87,0.88,Center-embedded,0.89,0.056,NA,0.05,0.87,0.08,0,0.05,0.83,0.83,1,NA,2D,F,1,0,0,yes,near,Near Generalization (More Training),Near,discard,discard,Beyonce,discard,discard,Monkey,discard,discard,Non-Human,discard,discard,discard,Non-Human,discard,discard,discard,discard,discard,discard,discard,discard,discard,discard,discard,discard,discard,discard,discard,discard,discard,discard,discard,discard,discard,discard,discard,discard,discard,discard,discard,discard,discard,discard
5,5,Coltrane,4,Monkey,exposure_2,NA,NA,bracket,near,same,yes,yes,0.02,0.08,0.67,0.22,NA,0.68,0.02,not 2D,associative,queue,iterate,associative,0.26,0.74,NA,0.96,0.03,0.84,0.14,0.94,0.05,0.01,NA,NA,NA,NA,NA,0.94,0.02,2,0.84,0.94,1.77,0.49,bracket,near,pure,pure,learn_gen,bracket_bracket,800,800,1600,800,0.98,0.67,Tail-recursive,0.67,0.94,0.84,0.14,NA,NA,NA,NA,0.94,0.84,0.14,NA,0.96,0.5,Tail-recursive,0.012,0.033,NA,0.96,0.94,0.05,0,0.01,0.01,0.96,0,NA,associative,M,1,0,0,no,near,Near Generalization (More Training),Near,discard,discard,Coltrane,discard,discard,Monkey,discard,discard,Non-Human,discard,discard,discard,Non-Human,discard,discard,discard,discard,discard,discard,discard,discard,discard,discard,discard,discard,discard,discard,discard,discard,discard,discard,discard,discard,discard,discard,discard,discard,discard,discard,discard,discard,discard,discard
6,6,Horatio,4,Monkey,exposure_2,NA,NA,bracket,near,same,yes,yes,0.52,0.18,0.08,0.22,NA,0.68,0.67,2D,2D,stack,iterate,stack,0.84,0.16,NA,0.02,0.94,0.03,0.02,0.06,0.08,0.86,NA,NA,NA,NA,NA,0.94,0.18,1,0.94,0.86,1.81,0.16,bracket,near,pure,pure,learn_gen,bracket_bracket,800,800,1600,800,0.82,0.18,Serial-crossed,0.52,0.94,0.08,0.86,NA,NA,NA,NA,0.94,0.08,0.86,NA,0.94,0.75,Center-embedded,0.825,0.152,NA,0.02,0.94,0.03,0,0.02,0.67,0.67,1,NA,2D,M,1,0,0,yes,near,Near Generalization (More Training),Near,discard,discard,Horatio,discard,discard,Monkey,discard,discard,Non-Human,discard,discard,discard,Non-Human,discard,discard,discard,discard,discard,discard,discard,discard,discard,discard,discard,discard,discard,discard,discard,discard,discard,discard,discard,discard,discard,discard,discard,discard,discard,discard,discard,discard,discard,discard
7,10,Crow1,4,Crow,NA,NA,NA,bracket,near,same,yes,yes,0.44,0.16,0.1,0.3,NA,NA,0.82,2D,2D,stack,palindrome,stack,0.92,0.08,NA,0.03,0.92,0.01,0.07,0.05,0.02,0.93,NA,NA,NA,NA,NA,0.93,0.09,2,0.92,0.93,1.85,0.09,bracket,near,pure,pure,learn,bracket,6150,1239,7389,3694.5,0.91,0.16,Serial-crossed,0.44,0.92,0.02,0.93,NA,NA,NA,NA,0.92,0.02,0.93,NA,0.93,0.86,Center-embedded,0.895,0.075,NA,0.03,0.05,0.02,0,0.93,0.82,0.82,1,NA,2D,NA,5,4911,0.7,yes,near,discard,Near,discard,discard,Crow 1,discard,discard,Crow,discard,discard,Non-Human,discard,discard,discard,Non-Human,discard,discard,discard,discard,discard,discard,discard,discard,discard,discard,discard,discard,discard,discard,discard,discard,discard,discard,discard,discard,discard,discard,discard,discard,discard,discard,discard,discard,discard,discard
8,11,Crow2,4,Crow,NA,NA,NA,bracket,near,same,yes,yes,0.34,0.21,0.1,0.34,NA,NA,0.5,2D,2D,stack,iterate,stack,0.76,0.24,NA,0.05,0.68,0.07,0.25,0.14,0.39,0.47,NA,NA,NA,NA,NA,0.68,0.12,1,0.68,0.47,1.15,0.25,bracket,near,pure,pure,learn,bracket,6308,2404,8712,4356,0.88,0.21,Serial-crossed,0.34,0.68,0.39,0.47,NA,NA,NA,NA,0.68,0.39,0.47,NA,0.68,0.69,Center-embedded,0.725,0.227,NA,0.05,0.68,0.07,0,0.25,0.5,0.5,1,NA,2D,NA,2.6,3904,0.4,yes,near,discard,Near,discard,discard,Crow 2,discard,discard,Crow,discard,discard,Non-Human,discard,discard,discard,Non-Human,discard,discard,discard,discard,discard,discard,discard,discard,discard,discard,discard,discard,discard,discard,discard,discard,discard,discard,discard,discard,discard,discard,discard,discard,discard,discard,discard,discard,discard,discard
9,12,k0467,4,Child,round_4,55,15,bracket,near,same,yes,yes,0.15,0.15,0,0.7,low,0.4,0,not 2D,associative,stack,alternate,associative,0.5,0.5,NA,0.64,0.28,0.12,0.59,0.05,0.68,0.27,NA,NA,NA,NA,NA,0.68,0.1,2,0.59,0.68,1.27,0.5,bracket,near,pure,pure,learn,bracket,20,20,40,20,0.9,0.15,Serial-crossed,0.15,0.28,0.68,0.59,NA,NA,NA,NA,0.28,0.68,0.59,NA,0.64,0.45,Center-embedded,0.183,0.181,NA,0.64,0.05,0.68,0,0.27,0.18,0.64,0,Child_47,associative,NA,1,0,0,no,near,discard,Near,discard,discard,Child,US Child,discard,US Child,discard,discard,US Child,discard,discard,discard,Human Child,discard,discard,discard,discard,discard,discard,discard,discard,discard,discard,discard,discard,discard,discard,discard,discard,discard,Child (2 Dimensions),Low Load,Near,Near,discard,discard,discard,discard,discard,discard,discard,discard,2 Dimensions
10,13,k0473,4,Child,round_4,56,21,bracket,near,same,yes,yes,1,0,0,0,high,0.7,0.98,2D,2D,stack,iterate,stack,0.99,0.01,NA,0.01,0.99,0.01,0.01,0.01,0.01,0.99,NA,NA,NA,NA,NA,0.99,0.01,1,0.99,0.99,1.98,0.01,bracket,near,pure,pure,learn,bracket,20,20,40,20,0.99,0,Serial-crossed,1,0.99,0.01,0.99,NA,NA,NA,NA,0.99,0.01,0.99,NA,0.99,0.99,Center-embedded,0.989,0.006,NA,0.01,0.99,0.01,0,0.01,0.98,0.98,1,Child_48,2D,NA,1,0,0,yes,near,discard,Near,discard,discard,Child,US Child,discard,US Child,discard,discard,US Child,discard,discard,discard,Human Child,discard,discard,discard,discard,discard,discard,discard,discard,discard,discard,discard,discard,discard,discard,discard,discard,discard,Child (2 Dimensions),Low Load,Near,Near,discard,discard,discard,discard,discard,discard,discard,discard,2 Dimensions
11,14,k0475,4,Child,round_4,59,17,bracket,near,same,yes,yes,0.25,0.15,0.2,0.4,low,0.25,0.25,not 2D,1D,stack,palindrome,palindrome,0.68,0.32,NA,0.3,0.52,0.38,0.09,0.16,0.21,0.63,NA,NA,NA,NA,NA,0.63,0.51,2,0.52,0.63,1.16,0.63,bracket,near,pure,pure,learn,bracket,20,20,40,20,0.49,0.2,Tail-recursive,0.25,0.52,0.38,0.63,NA,NA,NA,NA,0.52,0.38,0.63,NA,0.63,0.37,Center-embedded,0.475,0.224,NA,0.3,0.16,0.21,0,0.63,0.17,0.63,0,Child_49,palindrome,NA,1,0,0,no,near,discard,Near,discard,discard,Child,US Child,discard,US Child,discard,discard,US Child,discard,discard,discard,Human Child,discard,discard,discard,discard,discard,discard,discard,discard,discard,discard,discard,discard,discard,discard,discard,discard,discard,Child (2 Dimensions),Low Load,Near,Near,discard,discard,discard,discard,discard,discard,discard,discard,2 Dimensions
12,15,k0478,4,Child,round_4,59,20,bracket,near,same,yes,yes,0.55,0.4,0.05,0,high,0.55,0.16,not 2D,1D,stack,iterate,iterate,0.58,0.42,NA,0.01,0.98,0.01,0.01,0.03,0.38,0.59,NA,NA,NA,NA,NA,0.98,0.24,1,0.98,0.59,1.56,0.98,bracket,near,pure,pure,learn,bracket,20,20,40,20,0.76,0.4,Serial-crossed,0.55,0.98,0.38,0.59,NA,NA,NA,NA,0.98,0.38,0.59,NA,0.98,0.46,Center-embedded,0.573,0.412,NA,0.01,0.98,0.01,0,0.01,0.16,0.98,0,Child_50,iterate,NA,1,0,0,no,near,discard,Near,discard,discard,Child,US Child,discard,US Child,discard,discard,US Child,discard,discard,discard,Human Child,discard,discard,discard,discard,discard,discard,discard,discard,discard,discard,discard,discard,discard,discard,discard,discard,discard,Child (2 Dimensions),Low Load,Near,Near,discard,discard,discard,discard,discard,discard,discard,discard,2 Dimensions
13,16,k0481,4,Child,round_4,58,17,bracket,near,same,yes,yes,0.6,0.35,0,0.05,low,0.4,0.27,not 2D,1D,stack,iterate,iterate,0.64,0.36,NA,0.01,0.99,0.01,0.01,0.03,0.32,0.65,NA,NA,NA,NA,NA,0.99,0.04,1,0.99,0.65,1.64,0.99,bracket,near,pure,pure,learn,bracket,20,20,40,20,0.96,0.35,Serial-crossed,0.6,0.99,0.32,0.65,NA,NA,NA,NA,0.99,0.32,0.65,NA,0.99,0.62,Center-embedded,0.633,0.359,NA,0.01,0.99,0.01,0,0.01,0.27,0.99,0,Child_51,iterate,NA,1,0,0,no,near,discard,Near,discard,discard,Child,US Child,discard,US Child,discard,discard,US Child,discard,discard,discard,Human Child,discard,discard,discard,discard,discard,discard,discard,discard,discard,discard,discard,discard,discard,discard,discard,discard,discard,Child (2 Dimensions),Low Load,Near,Near,discard,discard,discard,discard,discard,discard,discard,discard,2 Dimensions
14,17,k0494,4,Child,round_4,57,24,bracket,near,same,yes,yes,0.95,0.05,0,0,high,0.55,0.96,2D,2D,stack,iterate,stack,0.98,0.02,NA,0.01,0.99,0.01,0.01,0.01,0.01,0.98,NA,NA,NA,NA,NA,0.99,0.02,1,0.99,0.98,1.96,0.02,bracket,near,pure,pure,learn,bracket,20,20,40,20,0.98,0.05,Serial-crossed,0.95,0.99,0.01,0.98,NA,NA,NA,NA,0.99,0.01,0.98,NA,0.99,0.97,Center-embedded,0.976,0.016,NA,0.01,0.99,0.01,0,0.01,0.96,0.96,1,Child_52,2D,NA,1,0,0,yes,near,discard,Near,discard,discard,Child,US Child,discard,US Child,discard,discard,US Child,discard,discard,discard,Human Child,discard,discard,discard,discard,discard,discard,discard,discard,discard,discard,discard,discard,discard,discard,discard,discard,discard,Child (2 Dimensions),Low Load,Near,Near,discard,discard,discard,discard,discard,discard,discard,discard,2 Dimensions
15,18,k0496,4,Child,round_4,52,20,bracket,near,same,yes,yes,0.6,0.2,0,0.2,high,0.7,0.7,2D,2D,stack,iterate,stack,0.86,0.14,NA,0.03,0.92,0.02,0.06,0.03,0.24,0.73,NA,NA,NA,NA,NA,0.92,0.06,1,0.92,0.73,1.65,0.15,bracket,near,pure,pure,learn,bracket,20,20,40,20,0.94,0.2,Serial-crossed,0.6,0.92,0.24,0.73,NA,NA,NA,NA,0.92,0.24,0.73,NA,0.92,0.82,Center-embedded,0.836,0.136,NA,0.03,0.92,0.02,0,0.06,0.7,0.7,1,Child_53,2D,NA,1,0,0,yes,near,discard,Near,discard,discard,Child,US Child,discard,US Child,discard,discard,US Child,discard,discard,discard,Human Child,discard,discard,discard,discard,discard,discard,discard,discard,discard,discard,discard,discard,discard,discard,discard,discard,discard,Child (2 Dimensions),Low Load,Near,Near,discard,discard,discard,discard,discard,discard,discard,discard,2 Dimensions
16,19,k0497,4,Child,round_4,51,33,bracket,near,same,yes,yes,0.15,0.2,0.3,0.35,low,0.15,0.05,not 2D,associative,queue,iterate,associative,0.45,0.55,NA,0.53,0.42,0.29,0.29,0.8,0.13,0.07,NA,NA,NA,NA,NA,0.8,0.44,2,0.42,0.8,1.23,0.47,bracket,near,pure,pure,learn,bracket,20,20,40,20,0.56,0.3,Tail-recursive,0.3,0.8,0.29,0.29,NA,NA,NA,NA,0.8,0.29,0.29,NA,0.53,0.31,Tail-recursive,0.207,0.258,NA,0.53,0.8,0.13,0,0.07,0.21,0.53,0,Child_54,associative,NA,1,0,0,no,near,discard,Near,discard,discard,Child,US Child,discard,US Child,discard,discard,US Child,discard,discard,discard,Human Child,discard,discard,discard,discard,discard,discard,discard,discard,discard,discard,discard,discard,discard,discard,discard,discard,discard,Child (2 Dimensions),Low Load,Near,Near,discard,discard,discard,discard,discard,discard,discard,discard,2 Dimensions
17,20,k0500,4,Child,round_4,54,15,bracket,near,same,yes,yes,0.6,0.4,0,0,high,0.75,0.21,not 2D,1D,stack,iterate,iterate,0.6,0.4,NA,0.01,0.99,0.01,0.01,0.02,0.37,0.61,NA,NA,NA,NA,NA,0.99,0.03,1,0.99,0.61,1.59,0.99,bracket,near,pure,pure,learn,bracket,20,20,40,20,0.97,0.4,Serial-crossed,0.6,0.99,0.37,0.61,NA,NA,NA,NA,0.99,0.37,0.61,NA,0.99,0.59,Center-embedded,0.6,0.393,NA,0.01,0.99,0.01,0,0.01,0.21,0.99,0,Child_55,iterate,NA,1,0,0,no,near,discard,Near,discard,discard,Child,US Child,discard,US Child,discard,discard,US Child,discard,discard,discard,Human Child,discard,discard,discard,discard,discard,discard,discard,discard,discard,discard,discard,discard,discard,discard,discard,discard,discard,Child (2 Dimensions),Low Load,Near,Near,discard,discard,discard,discard,discard,discard,discard,discard,2 Dimensions
18,21,k0502,4,Child,round_4,56,20,bracket,near,same,yes,yes,0.8,0.15,0,0.05,high,0.7,0.82,2D,2D,stack,iterate,stack,0.92,0.08,NA,0.01,0.98,0.01,0.01,0.02,0.06,0.93,NA,NA,NA,NA,NA,0.98,0.04,1,0.98,0.93,1.9,0.09,bracket,near,pure,pure,learn,bracket,20,20,40,20,0.96,0.15,Serial-crossed,0.8,0.98,0.06,0.93,NA,NA,NA,NA,0.98,0.06,0.93,NA,0.98,0.89,Center-embedded,0.905,0.081,NA,0.01,0.98,0.01,0,0.01,0.82,0.82,1,Child_56,2D,NA,1,0,0,yes,near,discard,Near,discard,discard,Child,US Child,discard,US Child,discard,discard,US Child,discard,discard,discard,Human Child,discard,discard,discard,discard,discard,discard,discard,discard,discard,discard,discard,discard,discard,discard,discard,discard,discard,Child (2 Dimensions),Low Load,Near,Near,discard,discard,discard,discard,discard,discard,discard,discard,2 Dimensions
19,22,k0510,4,Child,round_4,50,13,bracket,near,same,yes,yes,0.15,0,0.25,0.6,low,0.2,0.14,not 2D,associative,stack,iterate,associative,0.73,0.27,NA,0.69,0.09,0.17,0.73,0.91,0.02,0.07,NA,NA,NA,NA,NA,0.91,0.13,2,0.73,0.91,1.64,0.43,bracket,near,pure,pure,learn,bracket,20,20,40,20,0.87,0.25,Tail-recursive,0.25,0.91,0.17,0.73,NA,NA,NA,NA,0.91,0.17,0.73,NA,0.69,0.51,Tail-recursive,0.224,0.082,NA,0.69,0.91,0.02,0,0.07,0.22,0.69,0,Child_57,associative,NA,1,0,0,no,near,discard,Near,discard,discard,Child,US Child,discard,US Child,discard,discard,US Child,discard,discard,discard,Human Child,discard,discard,discard,discard,discard,discard,discard,discard,discard,discard,discard,discard,discard,discard,discard,discard,discard,Child (2 Dimensions),Low Load,Near,Near,discard,discard,discard,discard,discard,discard,discard,discard,2 Dimensions
20,23,k0514,4,Child,round_4,46,14,bracket,near,same,yes,yes,0.05,0,0.95,0,high,0.95,0.01,not 2D,associative,stack,alternate,associative,0.67,0.33,NA,0.98,0.01,0.98,0.01,0.98,0.01,0.01,NA,NA,NA,NA,NA,0.98,0.02,1,0.98,0.98,1.95,0.5,bracket,near,pure,pure,learn,bracket,20,20,40,20,0.98,0.95,Tail-recursive,0.95,0.98,0.98,0.01,NA,NA,NA,NA,0.98,0.98,0.01,NA,0.98,0.5,Tail-recursive,0.016,0.008,NA,0.98,0.01,0.98,0,0.01,0.02,0.98,0,Child_58,associative,NA,1,0,0,no,near,discard,Near,discard,discard,Child,US Child,discard,US Child,discard,discard,US Child,discard,discard,discard,Human Child,discard,discard,discard,discard,discard,discard,discard,discard,discard,discard,discard,discard,discard,discard,discard,discard,discard,Child (2 Dimensions),Low Load,Near,Near,discard,discard,discard,discard,discard,discard,discard,discard,2 Dimensions
21,24,k0520,4,Child,round_4,49,NA,bracket,near,same,yes,yes,0.95,0,0,0.05,high,0.9,0.98,2D,2D,stack,iterate,stack,0.99,0.01,NA,0.01,0.99,0.01,0.01,0.01,0.01,0.99,NA,NA,NA,NA,NA,0.99,0.01,1,0.99,0.99,1.97,0.01,bracket,near,pure,pure,learn,bracket,20,20,40,20,0.99,0,Serial-crossed,0.95,0.99,0.01,0.99,NA,NA,NA,NA,0.99,0.01,0.99,NA,0.99,0.99,Center-embedded,0.988,0.006,NA,0.01,0.99,0.01,0,0.01,0.98,0.98,1,Child_59,2D,NA,1,0,0,yes,near,discard,Near,discard,discard,Child,US Child,discard,US Child,discard,discard,US Child,discard,discard,discard,Human Child,discard,discard,discard,discard,discard,discard,discard,discard,discard,discard,discard,discard,discard,discard,discard,discard,discard,Child (2 Dimensions),Low Load,Near,Near,discard,discard,discard,discard,discard,discard,discard,discard,2 Dimensions
22,25,k0525,4,Child,round_4,45,19,bracket,near,same,yes,yes,0.45,0.4,0,0.15,high,0.5,0.07,not 2D,1D,stack,iterate,iterate,0.53,0.47,NA,0.01,0.97,0.01,0.02,0.03,0.48,0.48,NA,NA,NA,NA,NA,0.97,0.07,1,0.97,0.48,1.46,0.97,bracket,near,pure,pure,learn,bracket,20,20,40,20,0.93,0.4,Serial-crossed,0.45,0.97,0.48,0.48,NA,NA,NA,NA,0.97,0.48,0.48,NA,0.97,0.5,Center-embedded,0.528,0.46,NA,0.01,0.97,0.01,0,0.02,0.07,0.97,0,Child_60,iterate,NA,1,0,0,no,near,discard,Near,discard,discard,Child,US Child,discard,US Child,discard,discard,US Child,discard,discard,discard,Human Child,discard,discard,discard,discard,discard,discard,discard,discard,discard,discard,discard,discard,discard,discard,discard,discard,discard,Child (2 Dimensions),Low Load,Near,Near,discard,discard,discard,discard,discard,discard,discard,discard,2 Dimensions
23,26,k0531,4,Child,round_4,53,30,bracket,near,same,yes,yes,0.8,0,0.1,0.1,high,0.8,0.93,2D,2D,stack,palindrome,stack,0.99,0.01,NA,0.05,0.95,0.03,0.02,0.03,0.02,0.95,NA,NA,NA,NA,NA,0.95,0.03,2,0.95,0.95,1.9,0.03,bracket,near,pure,pure,learn,bracket,20,20,40,20,0.97,0.1,Tail-recursive,0.8,0.95,0.03,0.95,NA,NA,NA,NA,0.95,0.03,0.95,NA,0.95,0.95,Center-embedded,0.944,0.011,NA,0.05,0.03,0.02,0,0.95,0.9,0.93,1,Child_61,2D,NA,1,0,0,yes,near,discard,Near,discard,discard,Child,US Child,discard,US Child,discard,discard,US Child,discard,discard,discard,Human Child,discard,discard,discard,discard,discard,discard,discard,discard,discard,discard,discard,discard,discard,discard,discard,discard,discard,Child (2 Dimensions),Low Load,Near,Near,discard,discard,discard,discard,discard,discard,discard,discard,2 Dimensions
24,27,k0546,4,Child,round_4,45,19,bracket,near,same,yes,yes,0.5,0.1,0,0.4,high,0.65,0.87,2D,2D,stack,iterate,stack,0.95,0.05,NA,0.03,0.83,0.03,0.14,0.11,0.06,0.83,NA,NA,NA,NA,NA,0.83,0.05,1,0.83,0.83,1.66,0.06,bracket,near,pure,pure,learn,bracket,20,20,40,20,0.95,0.1,Serial-crossed,0.5,0.83,0.06,0.83,NA,NA,NA,NA,0.83,0.06,0.83,NA,0.83,0.91,Center-embedded,0.922,0.051,NA,0.03,0.83,0.03,0,0.14,0.87,0.87,1,Child_62,2D,NA,1,0,0,yes,near,discard,Near,discard,discard,Child,US Child,discard,US Child,discard,discard,US Child,discard,discard,discard,Human Child,discard,discard,discard,discard,discard,discard,discard,discard,discard,discard,discard,discard,discard,discard,discard,discard,discard,Child (2 Dimensions),Low Load,Near,Near,discard,discard,discard,discard,discard,discard,discard,discard,2 Dimensions
25,28,k0549,4,Child,round_4,56,24,bracket,near,same,yes,yes,0.85,0.15,0,0,high,0.85,0.81,2D,2D,stack,iterate,stack,0.91,0.09,NA,0.01,0.99,0.01,0.01,0.02,0.06,0.93,NA,NA,NA,NA,NA,0.99,0.04,1,0.99,0.93,1.91,0.1,bracket,near,pure,pure,learn,bracket,20,20,40,20,0.96,0.15,Serial-crossed,0.85,0.99,0.06,0.93,NA,NA,NA,NA,0.99,0.06,0.93,NA,0.99,0.89,Center-embedded,0.9,0.091,NA,0.01,0.99,0.01,0,0.01,0.81,0.81,1,Child_63,2D,NA,1,0,0,yes,near,discard,Near,discard,discard,Child,US Child,discard,US Child,discard,discard,US Child,discard,discard,discard,Human Child,discard,discard,discard,discard,discard,discard,discard,discard,discard,discard,discard,discard,discard,discard,discard,discard,discard,Child (2 Dimensions),Low Load,Near,Near,discard,discard,discard,discard,discard,discard,discard,discard,2 Dimensions
26,29,k0550,4,Child,round_4,47,25,bracket,near,same,yes,yes,0.05,0,0.4,0.55,low,0.15,0.01,not 2D,associative,stack,iterate,associative,0.61,0.39,NA,0.94,0.04,0.4,0.56,0.97,0.01,0.02,NA,NA,NA,NA,NA,0.97,0.06,2,0.56,0.97,1.53,0.49,bracket,near,pure,pure,learn,bracket,20,20,40,20,0.94,0.4,Tail-recursive,0.4,0.97,0.4,0.56,NA,NA,NA,NA,0.97,0.4,0.56,NA,0.94,0.48,Tail-recursive,0.034,0.022,NA,0.94,0.97,0.01,0,0.02,0.03,0.94,0,Child_64,associative,NA,1,0,0,no,near,discard,Near,discard,discard,Child,US Child,discard,US Child,discard,discard,US Child,discard,discard,discard,Human Child,discard,discard,discard,discard,discard,discard,discard,discard,discard,discard,discard,discard,discard,discard,discard,discard,discard,Child (2 Dimensions),Low Load,Near,Near,discard,discard,discard,discard,discard,discard,discard,discard,2 Dimensions
27,30,k0558,4,Child,round_4,49,22,bracket,near,same,yes,yes,0.5,0.4,0.05,0.05,high,0.85,0.12,not 2D,1D,stack,iterate,iterate,0.56,0.44,NA,0.02,0.97,0.01,0.01,0.04,0.4,0.56,NA,NA,NA,NA,NA,0.97,0.32,1,0.97,0.56,1.54,0.97,bracket,near,pure,pure,learn,bracket,20,20,40,20,0.68,0.4,Serial-crossed,0.5,0.97,0.4,0.56,NA,NA,NA,NA,0.97,0.4,0.56,NA,0.97,0.4,Center-embedded,0.551,0.433,NA,0.02,0.97,0.01,0,0.01,0.12,0.97,0,Child_65,iterate,NA,1,0,0,no,near,discard,Near,discard,discard,Child,US Child,discard,US Child,discard,discard,US Child,discard,discard,discard,Human Child,discard,discard,discard,discard,discard,discard,discard,discard,discard,discard,discard,discard,discard,discard,discard,discard,discard,Child (2 Dimensions),Low Load,Near,Near,discard,discard,discard,discard,discard,discard,discard,discard,2 Dimensions
28,31,k0563,4,Child,round_4,50,19,bracket,near,same,yes,yes,0.15,0.15,0.25,0.45,high,0.55,0,not 2D,associative,stack,iterate,associative,0.5,0.5,NA,0.51,0.33,0.48,0.2,0.49,0.25,0.26,NA,NA,NA,NA,NA,0.49,0.4,2,0.48,0.49,0.97,0.5,bracket,near,pure,pure,learn,bracket,20,20,40,20,0.6,0.25,Tail-recursive,0.25,0.49,0.48,0.26,NA,NA,NA,NA,0.49,0.48,0.26,NA,0.51,0.3,Tail-recursive,0.248,0.246,NA,0.51,0.49,0.25,0,0.26,0.25,0.51,0,Child_66,associative,NA,1,0,0,no,near,discard,Near,discard,discard,Child,US Child,discard,US Child,discard,discard,US Child,discard,discard,discard,Human Child,discard,discard,discard,discard,discard,discard,discard,discard,discard,discard,discard,discard,discard,discard,discard,discard,discard,Child (2 Dimensions),Low Load,Near,Near,discard,discard,discard,discard,discard,discard,discard,discard,2 Dimensions
29,32,k0564,4,Child,round_4,44,10,bracket,near,same,yes,yes,0.45,0.15,0.25,0.15,low,0.25,0.67,2D,2D,stack,iterate,stack,0.9,0.1,NA,0.17,0.83,0.11,0.06,0.39,0.09,0.52,NA,NA,NA,NA,NA,0.83,0.54,1,0.83,0.52,1.35,0.16,bracket,near,pure,pure,learn,bracket,20,20,40,20,0.46,0.25,Tail-recursive,0.45,0.83,0.11,0.52,NA,NA,NA,NA,0.83,0.11,0.52,NA,0.83,0.57,Center-embedded,0.75,0.08,NA,0.17,0.83,0.11,0,0.06,0.58,0.67,1,Child_67,2D,NA,1,0,0,yes,near,discard,Near,discard,discard,Child,US Child,discard,US Child,discard,discard,US Child,discard,discard,discard,Human Child,discard,discard,discard,discard,discard,discard,discard,discard,discard,discard,discard,discard,discard,discard,discard,discard,discard,Child (2 Dimensions),Low Load,Near,Near,discard,discard,discard,discard,discard,discard,discard,discard,2 Dimensions
30,33,k0565,4,Child,round_4,56,19,bracket,near,same,yes,yes,0.5,0.4,0,0.1,low,0.4,0.11,not 2D,1D,stack,iterate,iterate,0.56,0.44,NA,0.01,0.97,0.01,0.02,0.02,0.46,0.52,NA,NA,NA,NA,NA,0.97,0.07,1,0.97,0.52,1.49,0.97,bracket,near,pure,pure,learn,bracket,20,20,40,20,0.93,0.4,Serial-crossed,0.5,0.97,0.46,0.52,NA,NA,NA,NA,0.97,0.46,0.52,NA,0.97,0.52,Center-embedded,0.552,0.438,NA,0.01,0.97,0.01,0,0.02,0.11,0.97,0,Child_68,iterate,NA,1,0,0,no,near,discard,Near,discard,discard,Child,US Child,discard,US Child,discard,discard,US Child,discard,discard,discard,Human Child,discard,discard,discard,discard,discard,discard,discard,discard,discard,discard,discard,discard,discard,discard,discard,discard,discard,Child (2 Dimensions),Low Load,Near,Near,discard,discard,discard,discard,discard,discard,discard,discard,2 Dimensions
31,34,k0566,4,Child,round_4,45,12,bracket,near,same,yes,yes,0.5,0.2,0,0.3,low,0.35,0.68,2D,2D,stack,iterate,stack,0.86,0.14,NA,0.04,0.85,0.02,0.12,0.05,0.34,0.61,NA,NA,NA,NA,NA,0.85,0.08,1,0.85,0.61,1.47,0.16,bracket,near,pure,pure,learn,bracket,20,20,40,20,0.92,0.2,Serial-crossed,0.5,0.85,0.34,0.61,NA,NA,NA,NA,0.85,0.34,0.61,NA,0.85,0.8,Center-embedded,0.819,0.136,NA,0.04,0.85,0.02,0,0.12,0.68,0.68,1,Child_69,2D,NA,1,0,0,yes,near,discard,Near,discard,discard,Child,US Child,discard,US Child,discard,discard,US Child,discard,discard,discard,Human Child,discard,discard,discard,discard,discard,discard,discard,discard,discard,discard,discard,discard,discard,discard,discard,discard,discard,Child (2 Dimensions),Low Load,Near,Near,discard,discard,discard,discard,discard,discard,discard,discard,2 Dimensions
32,35,k0572,4,Child,round_4,45,12,bracket,near,same,yes,yes,0.25,0.25,0.1,0.4,low,0.2,0.01,not 2D,1D,stack,iterate,iterate,0.5,0.5,NA,0.15,0.85,0.07,0.08,0.21,0.39,0.39,NA,NA,NA,NA,NA,0.85,0.5,1,0.85,0.39,1.25,0.85,bracket,near,pure,pure,learn,bracket,20,20,40,20,0.5,0.25,Serial-crossed,0.25,0.85,0.39,0.39,NA,NA,NA,NA,0.85,0.39,0.39,NA,0.85,0.26,Center-embedded,0.428,0.419,NA,0.15,0.85,0.07,0,0.08,0.01,0.85,0,Child_70,iterate,NA,1,0,0,no,near,discard,Near,discard,discard,Child,US Child,discard,US Child,discard,discard,US Child,discard,discard,discard,Human Child,discard,discard,discard,discard,discard,discard,discard,discard,discard,discard,discard,discard,discard,discard,discard,discard,discard,Child (2 Dimensions),Low Load,Near,Near,discard,discard,discard,discard,discard,discard,discard,discard,2 Dimensions
33,36,k0585,4,Child,round_4,45,19,bracket,near,same,yes,yes,0.6,0.1,0.05,0.25,high,0.55,0.88,2D,2D,stack,iterate,stack,0.95,0.05,NA,0.03,0.96,0.02,0.02,0.04,0.04,0.92,NA,NA,NA,NA,NA,0.96,0.07,1,0.96,0.92,1.87,0.06,bracket,near,pure,pure,learn,bracket,20,20,40,20,0.93,0.1,Serial-crossed,0.6,0.96,0.04,0.92,NA,NA,NA,NA,0.96,0.04,0.92,NA,0.96,0.9,Center-embedded,0.927,0.047,NA,0.03,0.96,0.02,0,0.02,0.88,0.88,1,Child_71,2D,NA,1,0,0,yes,near,discard,Near,discard,discard,Child,US Child,discard,US Child,discard,discard,US Child,discard,discard,discard,Human Child,discard,discard,discard,discard,discard,discard,discard,discard,discard,discard,discard,discard,discard,discard,discard,discard,discard,Child (2 Dimensions),Low Load,Near,Near,discard,discard,discard,discard,discard,discard,discard,discard,2 Dimensions
34,37,k0591,4,Child,round_4,51,NA,bracket,near,same,yes,yes,0.5,0.5,0,0,low,0.2,0,not 2D,1D,queue,iterate,iterate,0.5,0.5,NA,0.01,0.99,0.01,0.01,0.03,0.49,0.48,NA,NA,NA,NA,NA,0.99,0.05,1,0.99,0.49,1.48,0.99,bracket,near,pure,pure,learn,bracket,20,20,40,20,0.95,0.5,Serial-crossed,0.5,0.99,0.49,0.48,NA,NA,NA,NA,0.99,0.49,0.48,NA,0.99,0.47,Center-embedded,0.497,0.497,NA,0.01,0.99,0.01,0,0.01,0,0.99,0,Child_72,iterate,NA,1,0,0,no,near,discard,Near,discard,discard,Child,US Child,discard,US Child,discard,discard,US Child,discard,discard,discard,Human Child,discard,discard,discard,discard,discard,discard,discard,discard,discard,discard,discard,discard,discard,discard,discard,discard,discard,Child (2 Dimensions),Low Load,Near,Near,discard,discard,discard,discard,discard,discard,discard,discard,2 Dimensions
35,38,k0594,4,Child,round_4,55,16,bracket,near,same,yes,yes,0.4,0.1,0.05,0.45,low,0.35,0.64,2D,2D,stack,palindrome,stack,0.87,0.13,NA,0.14,0.52,0.44,0.04,0.02,0.05,0.92,NA,NA,NA,NA,NA,0.92,0.11,2,0.52,0.92,1.44,0.18,bracket,near,pure,pure,learn,bracket,20,20,40,20,0.89,0.1,Serial-crossed,0.4,0.52,0.44,0.92,NA,NA,NA,NA,0.52,0.44,0.92,NA,0.92,0.77,Center-embedded,0.752,0.108,NA,0.14,0.02,0.05,0,0.92,0.61,0.64,1,Child_73,2D,NA,1,0,0,yes,near,discard,Near,discard,discard,Child,US Child,discard,US Child,discard,discard,US Child,discard,discard,discard,Human Child,discard,discard,discard,discard,discard,discard,discard,discard,discard,discard,discard,discard,discard,discard,discard,discard,discard,Child (2 Dimensions),Low Load,Near,Near,discard,discard,discard,discard,discard,discard,discard,discard,2 Dimensions
36,39,k0597,4,Child,round_4,53,17,bracket,near,same,yes,yes,0,0.95,0,0.05,low,0.25,0.98,2D,2D,queue,iterate,queue,0.01,0.99,NA,0.01,0.99,0.01,0.01,0.01,0.99,0.01,NA,NA,NA,NA,NA,0.99,0.01,1,0.99,0.99,1.97,0.01,bracket,near,pure,pure,learn,bracket,20,20,40,20,0.99,0.95,Serial-crossed,0.95,0.99,0.99,0.01,NA,NA,NA,NA,0.99,0.99,0.01,NA,0.99,0.99,Serial-crossed,0.006,0.988,NA,0.01,0.99,0.01,0,0.01,0.01,0.98,0,Child_74,2D,NA,1,0,0,no,near,discard,Near,discard,discard,Child,US Child,discard,US Child,discard,discard,US Child,discard,discard,discard,Human Child,discard,discard,discard,discard,discard,discard,discard,discard,discard,discard,discard,discard,discard,discard,discard,discard,discard,Child (2 Dimensions),Low Load,Near,Near,discard,discard,discard,discard,discard,discard,discard,discard,2 Dimensions
37,40,k0625,4,Child,round_4,43,16,bracket,near,same,yes,yes,0.2,0.25,0.1,0.45,low,0.3,0.12,not 2D,1D,queue,iterate,iterate,0.42,0.58,NA,0.23,0.64,0.13,0.23,0.54,0.2,0.27,NA,NA,NA,NA,NA,0.64,0.32,1,0.64,0.54,1.18,0.64,bracket,near,pure,pure,learn,bracket,20,20,40,20,0.68,0.25,Serial-crossed,0.25,0.64,0.2,0.27,NA,NA,NA,NA,0.64,0.2,0.27,NA,0.64,0.4,Serial-crossed,0.321,0.446,NA,0.23,0.64,0.13,0,0.23,0.12,0.64,0,Child_75,iterate,NA,1,0,0,no,near,discard,Near,discard,discard,Child,US Child,discard,US Child,discard,discard,US Child,discard,discard,discard,Human Child,discard,discard,discard,discard,discard,discard,discard,discard,discard,discard,discard,discard,discard,discard,discard,discard,discard,Child (2 Dimensions),Low Load,Near,Near,discard,discard,discard,discard,discard,discard,discard,discard,2 Dimensions
38,41,k0626,4,Child,round_4,43,15,bracket,near,same,yes,yes,0.25,0.1,0.25,0.4,low,0.25,0.17,not 2D,1D,stack,palindrome,palindrome,0.64,0.36,NA,0.39,0.31,0.62,0.07,0.3,0.06,0.63,NA,NA,NA,NA,NA,0.63,0.37,2,0.62,0.63,1.26,0.63,bracket,near,pure,pure,learn,bracket,20,20,40,20,0.63,0.25,Tail-recursive,0.25,0.31,0.62,0.63,NA,NA,NA,NA,0.31,0.62,0.63,NA,0.63,0.4,Center-embedded,0.391,0.224,NA,0.39,0.3,0.06,0,0.63,0.01,0.63,0,Child_76,palindrome,NA,1,0,0,no,near,discard,Near,discard,discard,Child,US Child,discard,US Child,discard,discard,US Child,discard,discard,discard,Human Child,discard,discard,discard,discard,discard,discard,discard,discard,discard,discard,discard,discard,discard,discard,discard,discard,discard,Child (2 Dimensions),Low Load,Near,Near,discard,discard,discard,discard,discard,discard,discard,discard,2 Dimensions
39,42,k0639,4,Child,round_4,53,16,bracket,near,same,yes,yes,0.5,0.45,0,0.05,high,0.6,0.05,not 2D,1D,stack,iterate,iterate,0.53,0.47,NA,0.01,0.99,0.01,0.01,0.03,0.46,0.52,NA,NA,NA,NA,NA,0.99,0.05,1,0.99,0.52,1.5,0.99,bracket,near,pure,pure,learn,bracket,20,20,40,20,0.95,0.45,Serial-crossed,0.5,0.99,0.46,0.52,NA,NA,NA,NA,0.99,0.46,0.52,NA,0.99,0.5,Center-embedded,0.524,0.469,NA,0.01,0.99,0.01,0,0.01,0.05,0.99,0,Child_77,iterate,NA,1,0,0,no,near,discard,Near,discard,discard,Child,US Child,discard,US Child,discard,discard,US Child,discard,discard,discard,Human Child,discard,discard,discard,discard,discard,discard,discard,discard,discard,discard,discard,discard,discard,discard,discard,discard,discard,Child (2 Dimensions),Low Load,Near,Near,discard,discard,discard,discard,discard,discard,discard,discard,2 Dimensions
40,43,k0641,4,Child,round_4,44,15,bracket,near,same,yes,yes,0.5,0.45,0,0.05,low,0.25,0.05,not 2D,1D,stack,iterate,iterate,0.53,0.47,NA,0.01,0.99,0.01,0.01,0.04,0.44,0.52,NA,NA,NA,NA,NA,0.99,0.06,1,0.99,0.52,1.5,0.99,bracket,near,pure,pure,learn,bracket,20,20,40,20,0.94,0.45,Serial-crossed,0.5,0.99,0.44,0.52,NA,NA,NA,NA,0.99,0.44,0.52,NA,0.99,0.5,Center-embedded,0.523,0.47,NA,0.01,0.99,0.01,0,0.01,0.05,0.99,0,Child_78,iterate,NA,1,0,0,no,near,discard,Near,discard,discard,Child,US Child,discard,US Child,discard,discard,US Child,discard,discard,discard,Human Child,discard,discard,discard,discard,discard,discard,discard,discard,discard,discard,discard,discard,discard,discard,discard,discard,discard,Child (2 Dimensions),Low Load,Near,Near,discard,discard,discard,discard,discard,discard,discard,discard,2 Dimensions
41,44,k0645,4,Child,round_4,44,15,bracket,near,same,yes,yes,0.75,0.15,0,0.1,high,0.55,0.84,2D,2D,stack,iterate,stack,0.93,0.07,NA,0.02,0.96,0.01,0.03,0.03,0.08,0.89,NA,NA,NA,NA,NA,0.96,0.04,1,0.96,0.89,1.85,0.08,bracket,near,pure,pure,learn,bracket,20,20,40,20,0.96,0.15,Serial-crossed,0.75,0.96,0.08,0.89,NA,NA,NA,NA,0.96,0.08,0.89,NA,0.96,0.9,Center-embedded,0.91,0.072,NA,0.02,0.96,0.01,0,0.03,0.84,0.84,1,Child_79,2D,NA,1,0,0,yes,near,discard,Near,discard,discard,Child,US Child,discard,US Child,discard,discard,US Child,discard,discard,discard,Human Child,discard,discard,discard,discard,discard,discard,discard,discard,discard,discard,discard,discard,discard,discard,discard,discard,discard,Child (2 Dimensions),Low Load,Near,Near,discard,discard,discard,discard,discard,discard,discard,discard,2 Dimensions
42,45,108A,4,Tsimane,NA,NA,NA,bracket,near,same,yes,yes,0.92,0.08,0,0,NA,NA,0.93,2D,2D,stack,iterate,stack,0.97,0.03,NA,0.01,0.98,0.01,0.01,0.02,0.03,0.96,NA,NA,NA,NA,NA,0.98,0.03,1,0.98,0.96,1.94,0.04,bracket,near,pure,pure,learn,bracket,10,10,20,10,0.97,0.08,Serial-crossed,0.92,0.98,0.03,0.96,NA,NA,NA,NA,0.98,0.03,0.96,NA,0.98,0.95,Center-embedded,0.958,0.028,NA,0.01,0.98,0.01,0,0.01,0.93,0.93,1,NA,2D,NA,1,0,0,yes,near,discard,Near,discard,discard,Tsimane,Tsimane Adult,discard,Tsimane Adult,discard,discard,Tsimane Adult,discard,discard,discard,Human Adult,discard,discard,discard,discard,discard,discard,discard,discard,discard,discard,discard,discard,discard,discard,discard,discard,discard,discard,discard,discard,discard,discard,discard,discard,discard,discard,discard,discard,discard,discard
43,46,109B,4,Tsimane,NA,NA,NA,bracket,near,same,yes,yes,0.42,0.58,0,0,NA,NA,0.21,not 2D,1D,queue,iterate,iterate,0.4,0.6,NA,0.01,0.98,0.01,0.01,0.09,0.59,0.31,NA,NA,NA,NA,NA,0.98,0.21,1,0.98,0.59,1.57,0.98,bracket,near,pure,pure,learn,bracket,10,10,20,10,0.79,0.58,Serial-crossed,0.58,0.98,0.59,0.31,NA,NA,NA,NA,0.98,0.59,0.31,NA,0.98,0.5,Serial-crossed,0.39,0.596,NA,0.01,0.98,0.01,0,0.01,0.21,0.98,0,NA,iterate,NA,1,0,0,no,near,discard,Near,discard,discard,Tsimane,Tsimane Adult,discard,Tsimane Adult,discard,discard,Tsimane Adult,discard,discard,discard,Human Adult,discard,discard,discard,discard,discard,discard,discard,discard,discard,discard,discard,discard,discard,discard,discard,discard,discard,discard,discard,discard,discard,discard,discard,discard,discard,discard,discard,discard,discard,discard
44,47,1903,4,Tsimane,NA,NA,NA,bracket,near,same,yes,yes,0.33,0.25,0,0.42,NA,NA,0.23,not 2D,1D,stack,iterate,iterate,0.65,0.35,NA,0.22,0.79,0.08,0.13,0.19,0.31,0.51,NA,NA,NA,NA,NA,0.79,0.24,1,0.79,0.51,1.3,0.79,bracket,near,pure,pure,learn,bracket,10,10,20,10,0.76,0.25,Serial-crossed,0.33,0.79,0.31,0.51,NA,NA,NA,NA,0.79,0.31,0.51,NA,0.79,0.5,Center-embedded,0.507,0.274,NA,0.22,0.79,0.08,0,0.13,0.23,0.79,0,NA,iterate,NA,1,0,0,no,near,discard,Near,discard,discard,Tsimane,Tsimane Adult,discard,Tsimane Adult,discard,discard,Tsimane Adult,discard,discard,discard,Human Adult,discard,discard,discard,discard,discard,discard,discard,discard,discard,discard,discard,discard,discard,discard,discard,discard,discard,discard,discard,discard,discard,discard,discard,discard,discard,discard,discard,discard,discard,discard
45,48,1952,4,Tsimane,NA,NA,NA,bracket,near,same,yes,yes,0.92,0.08,0,0,NA,NA,0.93,2D,2D,stack,iterate,stack,0.97,0.03,NA,0.01,0.98,0.01,0.01,0.02,0.03,0.96,NA,NA,NA,NA,NA,0.98,0.03,1,0.98,0.96,1.94,0.03,bracket,near,pure,pure,learn,bracket,10,10,20,10,0.97,0.08,Serial-crossed,0.92,0.98,0.03,0.96,NA,NA,NA,NA,0.98,0.03,0.96,NA,0.98,0.95,Center-embedded,0.959,0.027,NA,0.01,0.98,0.01,0,0.01,0.93,0.93,1,NA,2D,NA,1,0,0,yes,near,discard,Near,discard,discard,Tsimane,Tsimane Adult,discard,Tsimane Adult,discard,discard,Tsimane Adult,discard,discard,discard,Human Adult,discard,discard,discard,discard,discard,discard,discard,discard,discard,discard,discard,discard,discard,discard,discard,discard,discard,discard,discard,discard,discard,discard,discard,discard,discard,discard,discard,discard,discard,discard
46,49,1957,4,Tsimane,NA,NA,NA,bracket,near,same,yes,yes,1,0,0,0,NA,NA,0.97,2D,2D,stack,iterate,stack,0.99,0.01,NA,0.01,0.98,0.01,0.01,0.01,0.01,0.98,NA,NA,NA,NA,NA,0.98,0.01,1,0.98,0.98,1.96,0.01,bracket,near,pure,pure,learn,bracket,10,10,20,10,0.99,0,Serial-crossed,1,0.98,0.01,0.98,NA,NA,NA,NA,0.98,0.01,0.98,NA,0.98,0.98,Center-embedded,0.981,0.009,NA,0.01,0.98,0.01,0,0.01,0.97,0.97,1,NA,2D,NA,1,0,0,yes,near,discard,Near,discard,discard,Tsimane,Tsimane Adult,discard,Tsimane Adult,discard,discard,Tsimane Adult,discard,discard,discard,Human Adult,discard,discard,discard,discard,discard,discard,discard,discard,discard,discard,discard,discard,discard,discard,discard,discard,discard,discard,discard,discard,discard,discard,discard,discard,discard,discard,discard,discard,discard,discard
47,50,1959,4,Tsimane,NA,NA,NA,bracket,near,same,yes,yes,0.58,0.33,0.08,0,NA,NA,0.42,2D,2D,stack,iterate,stack,0.72,0.28,NA,0.03,0.96,0.02,0.02,0.09,0.2,0.71,NA,NA,NA,NA,NA,0.96,0.52,1,0.96,0.71,1.67,0.29,bracket,near,pure,pure,learn,bracket,10,10,20,10,0.48,0.33,Serial-crossed,0.58,0.96,0.2,0.71,NA,NA,NA,NA,0.96,0.2,0.71,NA,0.96,0.45,Center-embedded,0.694,0.271,NA,0.03,0.96,0.02,0,0.02,0.42,0.42,1,NA,2D,NA,1,0,0,yes,near,discard,Near,discard,discard,Tsimane,Tsimane Adult,discard,Tsimane Adult,discard,discard,Tsimane Adult,discard,discard,discard,Human Adult,discard,discard,discard,discard,discard,discard,discard,discard,discard,discard,discard,discard,discard,discard,discard,discard,discard,discard,discard,discard,discard,discard,discard,discard,discard,discard,discard,discard,discard,discard
48,51,1960,4,Tsimane,NA,NA,NA,bracket,near,same,yes,yes,1,0,0,0,NA,NA,0.97,2D,2D,stack,iterate,stack,0.99,0.01,NA,0.01,0.98,0.01,0.01,0.01,0.01,0.98,NA,NA,NA,NA,NA,0.98,0.01,1,0.98,0.98,1.96,0.01,bracket,near,pure,pure,learn,bracket,10,10,20,10,0.99,0,Serial-crossed,1,0.98,0.01,0.98,NA,NA,NA,NA,0.98,0.01,0.98,NA,0.98,0.98,Center-embedded,0.981,0.01,NA,0.01,0.98,0.01,0,0.01,0.97,0.97,1,NA,2D,NA,1,0,0,yes,near,discard,Near,discard,discard,Tsimane,Tsimane Adult,discard,Tsimane Adult,discard,discard,Tsimane Adult,discard,discard,discard,Human Adult,discard,discard,discard,discard,discard,discard,discard,discard,discard,discard,discard,discard,discard,discard,discard,discard,discard,discard,discard,discard,discard,discard,discard,discard,discard,discard,discard,discard,discard,discard
49,52,1961,4,Tsimane,NA,NA,NA,bracket,near,same,yes,yes,1,0,0,0,NA,NA,0.97,2D,2D,stack,iterate,stack,0.99,0.01,NA,0.01,0.98,0.01,0.01,0.01,0.01,0.98,NA,NA,NA,NA,NA,0.98,0.01,1,0.98,0.98,1.96,0.01,bracket,near,pure,pure,learn,bracket,10,10,20,10,0.99,0,Serial-crossed,1,0.98,0.01,0.98,NA,NA,NA,NA,0.98,0.01,0.98,NA,0.98,0.98,Center-embedded,0.981,0.009,NA,0.01,0.98,0.01,0,0.01,0.97,0.97,1,NA,2D,NA,1,0,0,yes,near,discard,Near,discard,discard,Tsimane,Tsimane Adult,discard,Tsimane Adult,discard,discard,Tsimane Adult,discard,discard,discard,Human Adult,discard,discard,discard,discard,discard,discard,discard,discard,discard,discard,discard,discard,discard,discard,discard,discard,discard,discard,discard,discard,discard,discard,discard,discard,discard,discard,discard,discard,discard,discard
50,53,1962,4,Tsimane,NA,NA,NA,bracket,near,same,yes,yes,1,0,0,0,NA,NA,0.97,2D,2D,stack,iterate,stack,0.99,0.01,NA,0.01,0.98,0.01,0.01,0.01,0.01,0.98,NA,NA,NA,NA,NA,0.98,0.01,1,0.98,0.98,1.96,0.01,bracket,near,pure,pure,learn,bracket,10,10,20,10,0.99,0,Serial-crossed,1,0.98,0.01,0.98,NA,NA,NA,NA,0.98,0.01,0.98,NA,0.98,0.98,Center-embedded,0.982,0.009,NA,0.01,0.98,0.01,0,0.01,0.97,0.97,1,NA,2D,NA,1,0,0,yes,near,discard,Near,discard,discard,Tsimane,Tsimane Adult,discard,Tsimane Adult,discard,discard,Tsimane Adult,discard,discard,discard,Human Adult,discard,discard,discard,discard,discard,discard,discard,discard,discard,discard,discard,discard,discard,discard,discard,discard,discard,discard,discard,discard,discard,discard,discard,discard,discard,discard,discard,discard,discard,discard
51,54,1963,4,Tsimane,NA,NA,NA,bracket,near,same,yes,yes,0.42,0.08,0.17,0.33,NA,NA,0.73,2D,2D,stack,iterate,stack,0.92,0.08,NA,0.13,0.83,0.1,0.08,0.14,0.12,0.74,NA,NA,NA,NA,NA,0.83,0.46,1,0.83,0.74,1.56,0.13,bracket,near,pure,pure,learn,bracket,10,10,20,10,0.54,0.17,Tail-recursive,0.42,0.83,0.12,0.74,NA,NA,NA,NA,0.83,0.12,0.74,NA,0.83,0.64,Center-embedded,0.801,0.068,NA,0.13,0.83,0.1,0,0.08,0.67,0.73,1,NA,2D,NA,1,0,0,yes,near,discard,Near,discard,discard,Tsimane,Tsimane Adult,discard,Tsimane Adult,discard,discard,Tsimane Adult,discard,discard,discard,Human Adult,discard,discard,discard,discard,discard,discard,discard,discard,discard,discard,discard,discard,discard,discard,discard,discard,discard,discard,discard,discard,discard,discard,discard,discard,discard,discard,discard,discard,discard,discard
52,55,69,4,Tsimane,NA,NA,NA,bracket,near,same,yes,yes,0.91,0,0,0.09,NA,NA,0.97,2D,2D,stack,palindrome,stack,0.99,0.01,NA,0.01,0.97,0.01,0.01,0.01,0.01,0.97,NA,NA,NA,NA,NA,0.97,0.01,2,0.97,0.97,1.95,0.02,bracket,near,pure,pure,learn,bracket,10,10,20,10,0.99,0,Serial-crossed,0.91,0.97,0.01,0.97,NA,NA,NA,NA,0.97,0.01,0.97,NA,0.97,0.98,Center-embedded,0.978,0.011,NA,0.01,0.01,0.01,0,0.97,0.97,0.97,1,NA,2D,NA,1,0,0,yes,near,discard,Near,discard,discard,Tsimane,Tsimane Adult,discard,Tsimane Adult,discard,discard,Tsimane Adult,discard,discard,discard,Human Adult,discard,discard,discard,discard,discard,discard,discard,discard,discard,discard,discard,discard,discard,discard,discard,discard,discard,discard,discard,discard,discard,discard,discard,discard,discard,discard,discard,discard,discard,discard
53,56,70,4,Tsimane,NA,NA,NA,bracket,near,same,yes,yes,0.42,0.17,0,0.42,NA,NA,0.56,2D,2D,stack,palindrome,stack,0.83,0.17,NA,0.15,0.69,0.22,0.09,0.03,0.06,0.91,NA,NA,NA,NA,NA,0.91,0.17,2,0.69,0.91,1.6,0.22,bracket,near,pure,pure,learn,bracket,10,10,20,10,0.83,0.17,Serial-crossed,0.42,0.69,0.22,0.91,NA,NA,NA,NA,0.69,0.22,0.91,NA,0.91,0.7,Center-embedded,0.704,0.142,NA,0.15,0.03,0.06,0,0.91,0.55,0.56,1,NA,2D,NA,1,0,0,yes,near,discard,Near,discard,discard,Tsimane,Tsimane Adult,discard,Tsimane Adult,discard,discard,Tsimane Adult,discard,discard,discard,Human Adult,discard,discard,discard,discard,discard,discard,discard,discard,discard,discard,discard,discard,discard,discard,discard,discard,discard,discard,discard,discard,discard,discard,discard,discard,discard,discard,discard,discard,discard,discard
54,57,71,4,Tsimane,NA,NA,NA,bracket,near,same,yes,yes,0.17,0.75,0,0.08,NA,NA,0.84,2D,2D,queue,iterate,queue,0.07,0.93,NA,0.02,0.96,0.02,0.03,0.04,0.9,0.06,NA,NA,NA,NA,NA,0.96,0.06,1,0.96,0.9,1.86,0.08,bracket,near,pure,pure,learn,bracket,10,10,20,10,0.94,0.75,Serial-crossed,0.75,0.96,0.9,0.06,NA,NA,NA,NA,0.96,0.9,0.06,NA,0.96,0.89,Serial-crossed,0.07,0.907,NA,0.02,0.96,0.02,0,0.03,0.07,0.84,0,NA,2D,NA,1,0,0,no,near,discard,Near,discard,discard,Tsimane,Tsimane Adult,discard,Tsimane Adult,discard,discard,Tsimane Adult,discard,discard,discard,Human Adult,discard,discard,discard,discard,discard,discard,discard,discard,discard,discard,discard,discard,discard,discard,discard,discard,discard,discard,discard,discard,discard,discard,discard,discard,discard,discard,discard,discard,discard,discard
55,58,72,4,Tsimane,NA,NA,NA,bracket,near,same,yes,yes,0.42,0.25,0.17,0.17,NA,NA,0.43,2D,2D,stack,palindrome,stack,0.75,0.25,NA,0.14,0.74,0.2,0.06,0.1,0.12,0.77,NA,NA,NA,NA,NA,0.77,0.54,2,0.74,0.77,1.51,0.29,bracket,near,pure,pure,learn,bracket,10,10,20,10,0.46,0.25,Serial-crossed,0.42,0.74,0.2,0.77,NA,NA,NA,NA,0.74,0.2,0.77,NA,0.77,0.44,Center-embedded,0.646,0.216,NA,0.14,0.1,0.12,0,0.77,0.43,0.43,1,NA,2D,NA,1,0,0,yes,near,discard,Near,discard,discard,Tsimane,Tsimane Adult,discard,Tsimane Adult,discard,discard,Tsimane Adult,discard,discard,discard,Human Adult,discard,discard,discard,discard,discard,discard,discard,discard,discard,discard,discard,discard,discard,discard,discard,discard,discard,discard,discard,discard,discard,discard,discard,discard,discard,discard,discard,discard,discard,discard
56,59,79B,4,Tsimane,NA,NA,NA,bracket,near,same,yes,yes,0.67,0.25,0,0.08,NA,NA,0.67,2D,2D,stack,iterate,stack,0.84,0.16,NA,0.03,0.96,0.02,0.02,0.06,0.2,0.73,NA,NA,NA,NA,NA,0.96,0.11,1,0.96,0.73,1.69,0.17,bracket,near,pure,pure,learn,bracket,10,10,20,10,0.89,0.25,Serial-crossed,0.67,0.96,0.2,0.73,NA,NA,NA,NA,0.96,0.2,0.73,NA,0.96,0.78,Center-embedded,0.82,0.152,NA,0.03,0.96,0.02,0,0.02,0.67,0.67,1,NA,2D,NA,1,0,0,yes,near,discard,Near,discard,discard,Tsimane,Tsimane Adult,discard,Tsimane Adult,discard,discard,Tsimane Adult,discard,discard,discard,Human Adult,discard,discard,discard,discard,discard,discard,discard,discard,discard,discard,discard,discard,discard,discard,discard,discard,discard,discard,discard,discard,discard,discard,discard,discard,discard,discard,discard,discard,discard,discard
57,60,80B,4,Tsimane,NA,NA,NA,bracket,near,same,yes,yes,1,0,0,0,NA,NA,0.97,2D,2D,stack,iterate,stack,0.99,0.01,NA,0.01,0.98,0.01,0.01,0.01,0.01,0.98,NA,NA,NA,NA,NA,0.98,0.01,1,0.98,0.98,1.96,0.01,bracket,near,pure,pure,learn,bracket,10,10,20,10,0.99,0,Serial-crossed,1,0.98,0.01,0.98,NA,NA,NA,NA,0.98,0.01,0.98,NA,0.98,0.98,Center-embedded,0.981,0.009,NA,0.01,0.98,0.01,0,0.01,0.97,0.97,1,NA,2D,NA,1,0,0,yes,near,discard,Near,discard,discard,Tsimane,Tsimane Adult,discard,Tsimane Adult,discard,discard,Tsimane Adult,discard,discard,discard,Human Adult,discard,discard,discard,discard,discard,discard,discard,discard,discard,discard,discard,discard,discard,discard,discard,discard,discard,discard,discard,discard,discard,discard,discard,discard,discard,discard,discard,discard,discard,discard
58,61,81B,4,Tsimane,NA,NA,NA,bracket,near,same,yes,yes,0.17,0,0.42,0.42,NA,NA,0.03,not 2D,1D,queue,iterate,iterate,0.45,0.55,NA,0.67,0.16,0.6,0.25,0.83,0.06,0.11,NA,NA,NA,NA,NA,0.83,0.16,2,0.6,0.83,1.43,0.83,bracket,near,pure,pure,learn,bracket,10,10,20,10,0.84,0.42,Tail-recursive,0.42,0.83,0.6,0.25,NA,NA,NA,NA,0.83,0.6,0.25,NA,0.83,0.43,Tail-recursive,0.148,0.18,NA,0.67,0.83,0.06,0,0.11,0.15,0.83,0,NA,iterate,NA,1,0,0,no,near,discard,Near,discard,discard,Tsimane,Tsimane Adult,discard,Tsimane Adult,discard,discard,Tsimane Adult,discard,discard,discard,Human Adult,discard,discard,discard,discard,discard,discard,discard,discard,discard,discard,discard,discard,discard,discard,discard,discard,discard,discard,discard,discard,discard,discard,discard,discard,discard,discard,discard,discard,discard,discard
59,62,82B,4,Tsimane,NA,NA,NA,bracket,near,same,yes,yes,0.75,0.25,0,0,NA,NA,0.67,2D,2D,stack,iterate,stack,0.84,0.16,NA,0.02,0.98,0.01,0.01,0.04,0.11,0.85,NA,NA,NA,NA,NA,0.98,0.09,1,0.98,0.85,1.83,0.17,bracket,near,pure,pure,learn,bracket,10,10,20,10,0.91,0.25,Serial-crossed,0.75,0.98,0.11,0.85,NA,NA,NA,NA,0.98,0.11,0.85,NA,0.98,0.79,Center-embedded,0.825,0.158,NA,0.02,0.98,0.01,0,0.01,0.67,0.67,1,NA,2D,NA,1,0,0,yes,near,discard,Near,discard,discard,Tsimane,Tsimane Adult,discard,Tsimane Adult,discard,discard,Tsimane Adult,discard,discard,discard,Human Adult,discard,discard,discard,discard,discard,discard,discard,discard,discard,discard,discard,discard,discard,discard,discard,discard,discard,discard,discard,discard,discard,discard,discard,discard,discard,discard,discard,discard,discard,discard
60,63,84B,4,Tsimane,NA,NA,NA,bracket,near,same,yes,yes,0.25,0.58,0.17,0,NA,NA,0.64,2D,2D,queue,iterate,queue,0.16,0.84,NA,0.07,0.92,0.05,0.03,0.1,0.76,0.13,NA,NA,NA,NA,NA,0.92,0.65,1,0.92,0.76,1.69,0.18,bracket,near,pure,pure,learn,bracket,10,10,20,10,0.35,0.58,Serial-crossed,0.58,0.92,0.76,0.13,NA,NA,NA,NA,0.92,0.76,0.13,NA,0.92,0.49,Serial-crossed,0.145,0.783,NA,0.07,0.92,0.05,0,0.03,0.15,0.64,0,NA,2D,NA,1,0,0,no,near,discard,Near,discard,discard,Tsimane,Tsimane Adult,discard,Tsimane Adult,discard,discard,Tsimane Adult,discard,discard,discard,Human Adult,discard,discard,discard,discard,discard,discard,discard,discard,discard,discard,discard,discard,discard,discard,discard,discard,discard,discard,discard,discard,discard,discard,discard,discard,discard,discard,discard,discard,discard,discard
61,64,88B,4,Tsimane,NA,NA,NA,bracket,near,same,yes,yes,0.67,0.33,0,0,NA,NA,0.43,2D,2D,stack,iterate,stack,0.72,0.28,NA,0.02,0.98,0.01,0.01,0.07,0.2,0.74,NA,NA,NA,NA,NA,0.98,0.15,1,0.98,0.74,1.72,0.28,bracket,near,pure,pure,learn,bracket,10,10,20,10,0.85,0.33,Serial-crossed,0.67,0.98,0.2,0.74,NA,NA,NA,NA,0.98,0.2,0.74,NA,0.98,0.64,Center-embedded,0.708,0.276,NA,0.02,0.98,0.01,0,0.01,0.43,0.43,1,NA,2D,NA,1,0,0,yes,near,discard,Near,discard,discard,Tsimane,Tsimane Adult,discard,Tsimane Adult,discard,discard,Tsimane Adult,discard,discard,discard,Human Adult,discard,discard,discard,discard,discard,discard,discard,discard,discard,discard,discard,discard,discard,discard,discard,discard,discard,discard,discard,discard,discard,discard,discard,discard,discard,discard,discard,discard,discard,discard
62,65,89B,4,Tsimane,NA,NA,NA,bracket,near,same,yes,yes,0.33,0.67,0,0,NA,NA,0.43,2D,2D,queue,iterate,queue,0.28,0.72,NA,0.02,0.98,0.01,0.01,0.07,0.73,0.2,NA,NA,NA,NA,NA,0.98,0.15,1,0.98,0.73,1.71,0.29,bracket,near,pure,pure,learn,bracket,10,10,20,10,0.85,0.67,Serial-crossed,0.67,0.98,0.73,0.2,NA,NA,NA,NA,0.98,0.73,0.2,NA,0.98,0.64,Serial-crossed,0.279,0.705,NA,0.02,0.98,0.01,0,0.01,0.28,0.43,0,NA,2D,NA,1,0,0,no,near,discard,Near,discard,discard,Tsimane,Tsimane Adult,discard,Tsimane Adult,discard,discard,Tsimane Adult,discard,discard,discard,Human Adult,discard,discard,discard,discard,discard,discard,discard,discard,discard,discard,discard,discard,discard,discard,discard,discard,discard,discard,discard,discard,discard,discard,discard,discard,discard,discard,discard,discard,discard,discard
63,66,S01,4,Adult,NA,NA,NA,bracket,near,same,yes,yes,1,0,0,0,NA,NA,0.98,2D,2D,stack,iterate,stack,0.99,0.01,NA,0.01,0.99,0.01,0.01,0.01,0.01,0.99,NA,NA,NA,NA,NA,0.99,0.01,1,0.99,0.99,1.98,0.01,bracket,near,pure,pure,learn,bracket,10,10,20,10,0.99,0,Serial-crossed,1,0.99,0.01,0.99,NA,NA,NA,NA,0.99,0.01,0.99,NA,0.99,0.99,Center-embedded,0.989,0.005,NA,0.01,0.99,0.01,0,0.01,0.98,0.98,1,NA,2D,NA,1,0,0,yes,near,discard,Near,discard,discard,US Adult,US Adult,discard,US Adult,discard,discard,US Adult,discard,discard,discard,Human Adult,discard,discard,discard,discard,discard,discard,discard,discard,discard,discard,discard,discard,discard,discard,discard,discard,discard,discard,discard,discard,discard,discard,discard,discard,discard,discard,discard,discard,discard,discard
64,67,S02,4,Adult,NA,NA,NA,bracket,near,same,yes,yes,1,0,0,0,NA,NA,0.99,2D,2D,stack,palindrome,stack,1,0,NA,0,0.99,0,0,0,0,0.99,NA,NA,NA,NA,NA,0.99,0,2,0.99,0.99,1.99,0,bracket,near,pure,pure,learn,bracket,10,10,20,10,1,0,Serial-crossed,1,0.99,0,0.99,NA,NA,NA,NA,0.99,0,0.99,NA,0.99,0.99,Center-embedded,0.994,0.003,NA,0,0,0,0,0.99,0.99,0.99,1,NA,2D,NA,1,0,0,yes,near,discard,Near,discard,discard,US Adult,US Adult,discard,US Adult,discard,discard,US Adult,discard,discard,discard,Human Adult,discard,discard,discard,discard,discard,discard,discard,discard,discard,discard,discard,discard,discard,discard,discard,discard,discard,discard,discard,discard,discard,discard,discard,discard,discard,discard,discard,discard,discard,discard
65,68,S03,4,Adult,NA,NA,NA,bracket,near,same,yes,yes,0.85,0.15,0,0,NA,NA,0.72,2D,2D,stack,iterate,stack,0.86,0.14,NA,0,0.99,0,0,0.01,0.11,0.88,NA,NA,NA,NA,NA,0.99,0.01,1,0.99,0.88,1.87,0.14,bracket,near,pure,pure,learn,bracket,10,10,20,10,0.99,0.15,Serial-crossed,0.85,0.99,0.11,0.88,NA,NA,NA,NA,0.99,0.11,0.88,NA,0.99,0.85,Center-embedded,0.857,0.139,NA,0,0.99,0,0,0,0.72,0.72,1,NA,2D,NA,1,0,0,yes,near,discard,Near,discard,discard,US Adult,US Adult,discard,US Adult,discard,discard,US Adult,discard,discard,discard,Human Adult,discard,discard,discard,discard,discard,discard,discard,discard,discard,discard,discard,discard,discard,discard,discard,discard,discard,discard,discard,discard,discard,discard,discard,discard,discard,discard,discard,discard,discard,discard
66,69,S04,4,Adult,NA,NA,NA,bracket,near,same,yes,yes,0.95,0.05,0,0,NA,NA,0.96,2D,2D,stack,iterate,stack,0.98,0.02,NA,0,0.99,0,0,0.01,0.01,0.98,NA,NA,NA,NA,NA,0.99,0.01,1,0.99,0.98,1.97,0.02,bracket,near,pure,pure,learn,bracket,10,10,20,10,0.99,0.05,Serial-crossed,0.95,0.99,0.01,0.98,NA,NA,NA,NA,0.99,0.01,0.98,NA,0.99,0.97,Center-embedded,0.976,0.019,NA,0,0.99,0,0,0,0.96,0.96,1,NA,2D,NA,1,0,0,yes,near,discard,Near,discard,discard,US Adult,US Adult,discard,US Adult,discard,discard,US Adult,discard,discard,discard,Human Adult,discard,discard,discard,discard,discard,discard,discard,discard,discard,discard,discard,discard,discard,discard,discard,discard,discard,discard,discard,discard,discard,discard,discard,discard,discard,discard,discard,discard,discard,discard
67,70,S05,4,Adult,NA,NA,NA,bracket,near,same,yes,yes,0.98,0.03,0,0,NA,NA,0.98,2D,2D,stack,iterate,stack,0.99,0.01,NA,0,0.99,0,0,0,0.01,0.99,NA,NA,NA,NA,NA,0.99,0.01,1,0.99,0.99,1.98,0.01,bracket,near,pure,pure,learn,bracket,10,10,20,10,0.99,0.03,Serial-crossed,0.98,0.99,0.01,0.99,NA,NA,NA,NA,0.99,0.01,0.99,NA,0.99,0.99,Center-embedded,0.988,0.008,NA,0,0.99,0,0,0,0.98,0.98,1,NA,2D,NA,1,0,0,yes,near,discard,Near,discard,discard,US Adult,US Adult,discard,US Adult,discard,discard,US Adult,discard,discard,discard,Human Adult,discard,discard,discard,discard,discard,discard,discard,discard,discard,discard,discard,discard,discard,discard,discard,discard,discard,discard,discard,discard,discard,discard,discard,discard,discard,discard,discard,discard,discard,discard
68,71,S06,4,Adult,NA,NA,NA,bracket,near,same,yes,yes,0.7,0.05,0,0.25,NA,NA,0.89,2D,2D,stack,iterate,stack,0.98,0.02,NA,0.07,0.93,0.05,0.02,0.1,0.02,0.88,NA,NA,NA,NA,NA,0.93,0.07,1,0.93,0.88,1.81,0.05,bracket,near,pure,pure,learn,bracket,10,10,20,10,0.93,0.05,Serial-crossed,0.7,0.93,0.05,0.88,NA,NA,NA,NA,0.93,0.05,0.88,NA,0.93,0.91,Center-embedded,0.91,0.017,NA,0.07,0.93,0.05,0,0.02,0.84,0.89,1,NA,2D,NA,1,0,0,yes,near,discard,Near,discard,discard,US Adult,US Adult,discard,US Adult,discard,discard,US Adult,discard,discard,discard,Human Adult,discard,discard,discard,discard,discard,discard,discard,discard,discard,discard,discard,discard,discard,discard,discard,discard,discard,discard,discard,discard,discard,discard,discard,discard,discard,discard,discard,discard,discard,discard
69,72,S07,4,Adult,NA,NA,NA,bracket,near,same,yes,yes,0.98,0,0.03,0,NA,NA,0.99,2D,2D,stack,palindrome,stack,1,0,NA,0,0.99,0.01,0,0,0,0.99,NA,NA,NA,NA,NA,0.99,0.01,2,0.99,0.99,1.98,0.01,bracket,near,pure,pure,learn,bracket,10,10,20,10,0.99,0.03,Tail-recursive,0.98,0.99,0.01,0.99,NA,NA,NA,NA,0.99,0.01,0.99,NA,0.99,0.99,Center-embedded,0.991,0.004,NA,0,0,0,0,0.99,0.99,0.99,1,NA,2D,NA,1,0,0,yes,near,discard,Near,discard,discard,US Adult,US Adult,discard,US Adult,discard,discard,US Adult,discard,discard,discard,Human Adult,discard,discard,discard,discard,discard,discard,discard,discard,discard,discard,discard,discard,discard,discard,discard,discard,discard,discard,discard,discard,discard,discard,discard,discard,discard,discard,discard,discard,discard,discard
70,73,S08,4,Adult,NA,NA,NA,bracket,near,same,yes,yes,1,0,0,0,NA,NA,0.99,2D,2D,stack,palindrome,stack,1,0,NA,0,0.99,0,0,0,0,0.99,NA,NA,NA,NA,NA,0.99,0,2,0.99,0.99,1.99,0,bracket,near,pure,pure,learn,bracket,10,10,20,10,1,0,Serial-crossed,1,0.99,0,0.99,NA,NA,NA,NA,0.99,0,0.99,NA,0.99,0.99,Center-embedded,0.994,0.003,NA,0,0,0,0,0.99,0.99,0.99,1,NA,2D,NA,1,0,0,yes,near,discard,Near,discard,discard,US Adult,US Adult,discard,US Adult,discard,discard,US Adult,discard,discard,discard,Human Adult,discard,discard,discard,discard,discard,discard,discard,discard,discard,discard,discard,discard,discard,discard,discard,discard,discard,discard,discard,discard,discard,discard,discard,discard,discard,discard,discard,discard,discard,discard
71,74,S09,4,Adult,NA,NA,NA,bracket,near,same,yes,yes,0.98,0.03,0,0,NA,NA,0.98,2D,2D,stack,iterate,stack,0.99,0.01,NA,0,0.99,0,0,0,0.01,0.99,NA,NA,NA,NA,NA,0.99,0.01,1,0.99,0.99,1.98,0.01,bracket,near,pure,pure,learn,bracket,10,10,20,10,0.99,0.03,Serial-crossed,0.98,0.99,0.01,0.99,NA,NA,NA,NA,0.99,0.01,0.99,NA,0.99,0.99,Center-embedded,0.988,0.008,NA,0,0.99,0,0,0,0.98,0.98,1,NA,2D,NA,1,0,0,yes,near,discard,Near,discard,discard,US Adult,US Adult,discard,US Adult,discard,discard,US Adult,discard,discard,discard,Human Adult,discard,discard,discard,discard,discard,discard,discard,discard,discard,discard,discard,discard,discard,discard,discard,discard,discard,discard,discard,discard,discard,discard,discard,discard,discard,discard,discard,discard,discard,discard
72,75,S10,4,Adult,NA,NA,NA,bracket,near,same,yes,yes,0.88,0.1,0.03,0,NA,NA,0.86,2D,2D,stack,iterate,stack,0.93,0.07,NA,0.01,0.99,0.01,0,0.01,0.05,0.94,NA,NA,NA,NA,NA,0.99,0.02,1,0.99,0.94,1.93,0.07,bracket,near,pure,pure,learn,bracket,10,10,20,10,0.98,0.1,Serial-crossed,0.88,0.99,0.05,0.94,NA,NA,NA,NA,0.99,0.05,0.94,NA,0.99,0.92,Center-embedded,0.925,0.069,NA,0.01,0.99,0.01,0,0,0.86,0.86,1,NA,2D,NA,1,0,0,yes,near,discard,Near,discard,discard,US Adult,US Adult,discard,US Adult,discard,discard,US Adult,discard,discard,discard,Human Adult,discard,discard,discard,discard,discard,discard,discard,discard,discard,discard,discard,discard,discard,discard,discard,discard,discard,discard,discard,discard,discard,discard,discard,discard,discard,discard,discard,discard,discard,discard
